1,Chapeton Lamas,Nery,nchapetonlamas@miracosta.edu
2,Paulding,Michael,mpaulding@miracosta.edu
3,Porto,June,jporto@miracosta.edu
4,Aloka,Mark,maloka@miracosta.edu
5,Castillo III,Lanier,scastillo@miracosta.edu
6,Lewis,Kevin,kmlewis@miracosta.edu
7,Merrill,Chris,cmerrill@miracosta.edu
8,Moezzi,Saied,smoezzi@miracosta.edu
9,Patel,Kavita,kpatel@miracosta.edu
10,Stramaglia,Mark,mstramaglia@miracosta.edu
11,Staff,Staff,nchapetonlamas@miracosta.edu
